step,tokens_seen,epoch_frac,loss,perplexity,z_loss,lr_muon,lr_adamw,grad_norm_muon,grad_norm_adamw,gdn_grad_norm,swa_grad_norm,gqa_grad_norm,tokens_per_sec,gpu_mem_mb,peak_gpu_mem_mb,elapsed_s
2440,639319040,0.0658,3.32499,27.317,0.0174882,0.019882085618727695,0.00029823128428091536,,,0.05075661478914908,0.0,0.0,20458.1,1996.4,9114.0,123.3
2450,641939200,0.06607,3.32366,27.282,0.0174183,0.019880833328655884,0.00029821249992983826,,,0.05477908657409352,0.0,0.0,19632.5,1996.4,9114.0,254.3
2460,644559360,0.06634,3.29237,26.437,0.0176163,0.019879574468109035,0.00029819361702163554,,,0.05587261371222705,0.0,0.0,20337.8,1996.4,9114.0,386.1
2470,647179520,0.06661,3.23204,24.885,0.0177756,0.019878309038018512,0.0002981746355702776,,,0.05487303392304639,0.0,0.0,20290.7,1996.4,9114.0,516.8
